DELETE FROM student;
DELETE FROM teacher;
DELETE FROM class;
DELETE FROM subject;
DELETE FROM member_of;
DELETE FROM head_of;
DELETE FROM teaches;


INSERT INTO student values('19079395d','00000000',1,'Liam');
INSERT INTO student values('19079632d','00000000',1,'Noah');
INSERT INTO student values('19079662d','00000000',1,'Oliver');
INSERT INTO student values('19079784d','00000000',1,'William');
INSERT INTO student values('19079853d','00000000',1,'Elijah');
INSERT INTO student values('19079968d','00000000',1,'James');
INSERT INTO student values('19080037d','00000000',1,'Benjamin');
INSERT INTO student values('19080113d','00000000',1,'Lucas');
INSERT INTO student values('19080189d','00000000',1,'Mason');
INSERT INTO student values('19080341d','00000000',1,'Ethan');
INSERT INTO student values('19080371d','00000000',1,'Alexander');
INSERT INTO student values('19080403d','00000000',1,'Henry');
INSERT INTO student values('19080433d','00000000',1,'Jacob');
INSERT INTO student values('19080463d','00000000',1,'Michael');
INSERT INTO student values('19080532d','00000000',1,'Daniel');
INSERT INTO student values('19080684d','00000000',1,'Logan');
INSERT INTO student values('19081789d','00000000',1,'Jackson');
INSERT INTO student values('19082848d','00000000',1,'Sebastian');
INSERT INTO student values('19082878d','00000000',1,'Jack');
INSERT INTO student values('19083967d','00000000',1,'Aiden');
INSERT INTO student values('19083981d','00000000',1,'Owen');
INSERT INTO student values('19084103d','00000000',1,'Samuel');
INSERT INTO student values('19084186d','00000000',1,'Matthew');
INSERT INTO student values('19084262d','00000000',1,'Joseph');
INSERT INTO student values('19084858d','00000000',1,'Levi');
INSERT INTO student values('19084941d','00000000',1,'Mateo');
INSERT INTO student values('19085314d','00000000',1,'David');
INSERT INTO student values('19085436d','00000000',1,'John');
INSERT INTO student values('19085595d','00000000',1,'Wyatt');
INSERT INTO student values('19085694d','00000000',1,'Carter');
INSERT INTO student values('19085726d','00000000',1,'Julian');
INSERT INTO student values('19085878d','00000000',1,'Luke');
INSERT INTO student values('19085984d','00000000',1,'Grayson');
INSERT INTO student values('19086067d','00000000',1,'Isaac');
INSERT INTO student values('19086159d','00000000',1,'Jayden');
INSERT INTO student values('19086235d','00000000',1,'Theodore');
INSERT INTO student values('19086364d','00000000',1,'Gabriel');
INSERT INTO student values('19086654d','00000000',1,'Anthony');
INSERT INTO student values('19086723d','00000000',1,'Dylan');
INSERT INTO student values('19086838d','00000000',1,'Leo');
INSERT INTO student values('19086944d','00000000',1,'Olivia');
INSERT INTO student values('19087011d','00000000',1,'Emma');
INSERT INTO student values('19087103d','00000000',1,'Ava');
INSERT INTO student values('19087651g','00000000',1,'Sophia');
INSERT INTO student values('19088901d','00000000',1,'Isabella');
INSERT INTO student values('19089769d','00000000',1,'Charlotte');
INSERT INTO student values('19089951d','00000000',1,'Amelia');
INSERT INTO student values('19091673g','00000000',1,'Mia');
INSERT INTO student values('19091827d','00000000',1,'Harper');
INSERT INTO student values('19091857g','00000000',1,'Evelyn');
INSERT INTO student values('19092274g','00000000',1,'Abigail');
INSERT INTO student values('19092541g','00000000',1,'Emily');
INSERT INTO student values('19093768g','00000000',1,'Ella');
INSERT INTO student values('19094026g','00000000',1,'Elizabeth');
INSERT INTO student values('19094284g','00000000',1,'Camila');
INSERT INTO student values('19094705d','00000000',1,'Luna');
INSERT INTO student values('19096142g','00000000',1,'Sofia');
INSERT INTO student values('19098145g','00000000',1,'Avery');
INSERT INTO student values('19098214g','00000000',1,'Mila');
INSERT INTO student values('19098297d','00000000',1,'Aria');
INSERT INTO student values('19098594d','00000000',1,'Scarlett');
INSERT INTO student values('19099066d','00000000',1,'Penelope');
INSERT INTO student values('19100369g','00000000',1,'Layla');
INSERT INTO student values('19100482g','00000000',1,'Chloe');
INSERT INTO student values('19100728g','00000000',1,'Victoria');
INSERT INTO student values('19101122g','00000000',1,'Madison');
INSERT INTO student values('19102897g','00000000',1,'Eleanor');
INSERT INTO student values('19103689g','00000000',1,'Grace');
INSERT INTO student values('19103841d','00000000',1,'Nora');
INSERT INTO student values('19103871d','00000000',1,'Riley');
INSERT INTO student values('19103926d','00000000',1,'Zoey');
INSERT INTO student values('19103956d','00000000',1,'Hannah');
INSERT INTO student values('19104801d','00000000',1,'Hazel');
INSERT INTO student values('19107412d','00000000',1,'Lily');


INSERT INTO teacher VALUES('16096548d','00000000','Cora');
INSERT INTO teacher VALUES('16055210d','00000000','Madelyn');
INSERT INTO teacher VALUES('16093976d','00000000','Alice');
INSERT INTO teacher VALUES('16049001d','00000000','Kinsley');
INSERT INTO teacher VALUES('16021553d','00000000','Hailey');
INSERT INTO teacher VALUES('15087623d','00000000','Gabriella');
INSERT INTO teacher VALUES('15098723d','00000000','Allison');
INSERT INTO teacher VALUES('14082912d','00000000','Gianna');
INSERT INTO teacher VALUES('12987412g','00000000','Serenity');
INSERT INTO teacher VALUES('16245231g','00000000','Samantha');
INSERT INTO teacher VALUES('15487291d','00000000','Mayson');
INSERT INTO teacher VALUES('15092654d','00000000','Niklaus');
INSERT INTO teacher VALUES('13459834h','00000000','Simeon');
INSERT INTO teacher VALUES('13578634h','00000000','Colter');
INSERT INTO teacher VALUES('12480989h','00000000','Davion');
INSERT INTO teacher VALUES('14567898d','00000000','Leroy');
INSERT INTO teacher VALUES('14789002d','00000000','Ayan');
INSERT INTO teacher VALUES('15689034d','00000000','Dilan');
INSERT INTO teacher VALUES('15880923d','00000000','Ephraim');
INSERT INTO teacher VALUES('14821341d','00000000','Anson');


INSERT INTO subject VALUES('AP10005','PHYSICS I');
INSERT INTO subject VALUES('AP10006','PHYSICS II');
INSERT INTO subject VALUES('AMA1100','BASIC MATHEMATICS');
INSERT INTO subject VALUES('AMA1104','INTRODUCTORY PROBABILITY');
INSERT INTO subject VALUES('BME11101','BIONIC HUMAN AND THE FUTURE OF BEING HUMAN');
INSERT INTO subject VALUES('BME11108','BIOMEDICAL ENGINEERING IN SOCIETY');
INSERT INTO subject VALUES('AF1605','INTRODUCTION TO ECONOMICS');
INSERT INTO subject VALUES('AF2108','FINANCIAL ACCOUNTING');
INSERT INTO subject VALUES('COMP2011','DATA STRUCTURES');
INSERT INTO subject VALUES('COMP2012','DISCRETE MATHEMATICS');
INSERT INTO subject VALUES('COMP2021','OBJECT-ORIENTED PROGRAMMING');
INSERT INTO subject VALUES('COMP2121','E-BUSINESS');
INSERT INTO subject VALUES('CBS2904','ACADEMIC AND TECHNICAL CHINESE WRITING');
INSERT INTO subject VALUES('ENGL2000','ENGLISH FOR EFFECTIVE COMMUNICATION');
INSERT INTO subject VALUES('ENGL2003','ENGLISH FOR ADVANCED ACADEMIC WRITING');
INSERT INTO subject VALUES('AF2504','INTRODUCTION TO BUSINESS LAW');
INSERT INTO subject VALUES('AF2602','GLOBAL ECONOMIC ENVIRONMENT');
INSERT INTO subject VALUES('AF3110','INTERMEDIATE ACCOUNTING');
INSERT INTO subject VALUES('AF3507','COMPANY LAW');


INSERT INTO class VALUES('1901');
INSERT INTO class VALUES('1902');
INSERT INTO class VALUES('2001');
INSERT INTO class VALUES('2002');


INSERT INTO member_of VALUES('19079395d','2002');
INSERT INTO member_of VALUES('19079632d','1902');
INSERT INTO member_of VALUES('19079662d','1901');
INSERT INTO member_of VALUES('19079784d','1901');
INSERT INTO member_of VALUES('19079853d','1902');
INSERT INTO member_of VALUES('19079968d','1902');
INSERT INTO member_of VALUES('19080037d','1902');
INSERT INTO member_of VALUES('19080113d','2001');
INSERT INTO member_of VALUES('19080189d','2001');
INSERT INTO member_of VALUES('19080341d','2001');
INSERT INTO member_of VALUES('19080371d','1902');
INSERT INTO member_of VALUES('19080403d','2001');
INSERT INTO member_of VALUES('19080433d','1902');
INSERT INTO member_of VALUES('19080463d','2001');
INSERT INTO member_of VALUES('19080532d','2002');
INSERT INTO member_of VALUES('19080684d','2001');
INSERT INTO member_of VALUES('19081789d','2002');
INSERT INTO member_of VALUES('19082848d','1902');
INSERT INTO member_of VALUES('19082878d','2001');
INSERT INTO member_of VALUES('19083967d','1902');
INSERT INTO member_of VALUES('19083981d','2001');
INSERT INTO member_of VALUES('19084103d','2001');
INSERT INTO member_of VALUES('19084186d','1902');
INSERT INTO member_of VALUES('19084262d','2001');
INSERT INTO member_of VALUES('19084858d','1902');
INSERT INTO member_of VALUES('19084941d','2001');
INSERT INTO member_of VALUES('19085314d','2002');
INSERT INTO member_of VALUES('19085436d','2002');
INSERT INTO member_of VALUES('19085595d','2001');
INSERT INTO member_of VALUES('19085694d','1901');
INSERT INTO member_of VALUES('19085726d','1902');
INSERT INTO member_of VALUES('19085878d','2002');
INSERT INTO member_of VALUES('19085984d','1902');
INSERT INTO member_of VALUES('19086067d','1901');
INSERT INTO member_of VALUES('19086159d','1901');
INSERT INTO member_of VALUES('19086235d','1902');
INSERT INTO member_of VALUES('19086364d','1902');
INSERT INTO member_of VALUES('19086654d','1901');
INSERT INTO member_of VALUES('19086723d','2002');
INSERT INTO member_of VALUES('19086838d','1902');
INSERT INTO member_of VALUES('19086944d','1902');
INSERT INTO member_of VALUES('19087011d','2001');
INSERT INTO member_of VALUES('19087103d','2001');
INSERT INTO member_of VALUES('19087651g','2002');
INSERT INTO member_of VALUES('19088901d','2002');
INSERT INTO member_of VALUES('19089769d','1901');
INSERT INTO member_of VALUES('19089951d','1902');
INSERT INTO member_of VALUES('19091673g','2001');
INSERT INTO member_of VALUES('19091827d','1901');
INSERT INTO member_of VALUES('19091857g','2002');
INSERT INTO member_of VALUES('19092274g','1902');
INSERT INTO member_of VALUES('19092541g','1902');
INSERT INTO member_of VALUES('19093768g','1902');
INSERT INTO member_of VALUES('19094026g','2002');
INSERT INTO member_of VALUES('19094284g','2001');
INSERT INTO member_of VALUES('19094705d','2002');
INSERT INTO member_of VALUES('19096142g','2002');
INSERT INTO member_of VALUES('19098145g','1902');
INSERT INTO member_of VALUES('19098214g','1901');
INSERT INTO member_of VALUES('19098297d','2001');
INSERT INTO member_of VALUES('19098594d','2002');
INSERT INTO member_of VALUES('19099066d','2002');
INSERT INTO member_of VALUES('19100369g','1902');
INSERT INTO member_of VALUES('19100482g','1902');
INSERT INTO member_of VALUES('19100728g','2001');
INSERT INTO member_of VALUES('19101122g','2001');
INSERT INTO member_of VALUES('19102897g','1902');
INSERT INTO member_of VALUES('19103689g','1901');
INSERT INTO member_of VALUES('19103841d','1901');
INSERT INTO member_of VALUES('19103871d','1901');
INSERT INTO member_of VALUES('19103926d','1902');
INSERT INTO member_of VALUES('19103956d','1901');
INSERT INTO member_of VALUES('19104801d','2002');
INSERT INTO member_of VALUES('19107412d','1902');


INSERT INTO head_of VALUES('15689034d','1901');
INSERT INTO head_of VALUES('16245231g','1902');
INSERT INTO head_of VALUES('15087623d','2001');
INSERT INTO head_of VALUES('15092654d','2002');


INSERT INTO teaches VALUES('16093976d','CBS2904','1901');
INSERT INTO teaches VALUES('16055210d','ENGL2003','1901');
INSERT INTO teaches VALUES('16096548d','AMA1104','1901');
INSERT INTO teaches VALUES('14789002d','AF2108','1901');
INSERT INTO teaches VALUES('16021553d','COMP2012','1901');
INSERT INTO teaches VALUES('16049001d','AF3110','1901');
INSERT INTO teaches VALUES('14082912d','COMP2021','1901');
INSERT INTO teaches VALUES('16055210d','ENGL2003','1902');
INSERT INTO teaches VALUES('16093976d','COMP2012','1902');
INSERT INTO teaches VALUES('16096548d','AF2108','1902');
INSERT INTO teaches VALUES('15098723d','AMA1104','1902');
INSERT INTO teaches VALUES('14082912d','BME11101','1902');
INSERT INTO teaches VALUES('15487291d','AP10005','1902');
INSERT INTO teaches VALUES('16093976d','CBS2904','2001');
INSERT INTO teaches VALUES('14082912d','BME11101','2001');
INSERT INTO teaches VALUES('16055210d','AMA1100','2001');
INSERT INTO teaches VALUES('16049001d','AP10006','2001');
INSERT INTO teaches VALUES('15487291d','AP10005','2001');
INSERT INTO teaches VALUES('15092654d','COMP2011','2001');
INSERT INTO teaches VALUES('16093976d','COMP2121','2002');
INSERT INTO teaches VALUES('15087623d','AF3507','2002');
INSERT INTO teaches VALUES('16055210d','AF2504','2002');
INSERT INTO teaches VALUES('15098723d','AMA1100','2002');
INSERT INTO teaches VALUES('15487291d','AP10005','2002');


